L,p_proj,p_ctrl_index,tmi_mean,tmi_sem
8,pproj0.500,0,-0.06411611420179499,0.0057370703063698335
8,pproj0.500,1,-0.10416100308926779,0.007399883723327379
8,pproj0.500,2,-0.13067962562367005,0.008137384615075828
8,pproj0.500,3,-0.1629144398655802,0.009462888397531413
8,pproj0.500,4,-0.1880714259702983,0.009903152222018397
8,pproj0.500,5,-0.22091535068638263,0.010891110927923076
8,pproj0.500,6,-0.2565397268320287,0.011583335026684748
8,pproj0.500,7,-0.23950967408799442,0.011245207675812104
8,pproj0.500,8,-0.2976485060285897,0.01234377036935397
8,pproj0.500,9,-0.2864683252697855,0.012624483616097587
8,pproj0.500,10,-0.2938520097764895,0.012487100447724706
8,pproj0.500,11,-0.29762178697710956,0.012969646009896694
8,pproj0.500,12,-0.2771856223269812,0.012686217883676614
8,pproj0.500,13,-0.24759095319616709,0.012284636075358695
8,pproj0.500,14,-0.20690387891555248,0.011626749215593915
8,pproj0.500,15,-0.1619483641832842,0.0107125344947192
8,pproj0.500,16,-0.10368431991543026,0.010003695460147195
8,pproj0.500,17,-0.05609280891657647,0.008864194618471979
8,pproj0.500,18,-0.026120846182233315,0.007412827782617533
8,pproj0.500,19,-0.006029199189816265,0.005959132926692264
8,pproj0.500,20,0.004676130164983714,0.00469566058424677
8,pproj0.536,0,-0.030498475944637633,0.003954480548313573
8,pproj0.536,1,-0.058884884394624276,0.005731445424531314
8,pproj0.536,2,-0.08876957278483474,0.006737094624339818
8,pproj0.536,3,-0.12008894553467628,0.008435905714010369
8,pproj0.536,4,-0.1489253302780846,0.009097103336846801
8,pproj0.536,5,-0.16975674704269228,0.00934377260256591
8,pproj0.536,6,-0.1790163343059674,0.009790796028122146
8,pproj0.536,7,-0.21219716809682562,0.010395908733070157
8,pproj0.536,8,-0.22293419251015453,0.011020283642496917
8,pproj0.536,9,-0.23700144079036164,0.011453225273270853
8,pproj0.536,10,-0.22873522066863544,0.011168899854895813
8,pproj0.536,11,-0.2330864208104499,0.011429008576400859
8,pproj0.536,12,-0.21505949614133646,0.011516603198736442
8,pproj0.536,13,-0.1990685821452294,0.01113882583754234
8,pproj0.536,14,-0.17333599064627356,0.011008115790564467
8,pproj0.536,15,-0.12188465876198068,0.01022400997543522
8,pproj0.536,16,-0.08222654530019893,0.009736168884319205
8,pproj0.536,17,-0.04073132664170554,0.008573544982453737
8,pproj0.536,18,-0.01505505505099677,0.007216747451917413
8,pproj0.536,19,0.003714128594268346,0.005248241196444469
8,pproj0.536,20,0.00456963684353075,0.004277574648105181
8,pproj0.571,0,-0.019061547465398527,0.003011907205500333
8,pproj0.571,1,-0.04068562926370657,0.004720109183265369
8,pproj0.571,2,-0.061429604453548656,0.0057539373760769836
8,pproj0.571,3,-0.0856544427248127,0.007242289693014244
8,pproj0.571,4,-0.0933123037143257,0.0072329284751078875
8,pproj0.571,5,-0.12144640974271086,0.00801905518711831
8,pproj0.571,6,-0.14523450122328715,0.008889061348682158
8,pproj0.571,7,-0.14587758684559105,0.009308742671859492
8,pproj0.571,8,-0.16463735150920064,0.009785307596494527
8,pproj0.571,9,-0.1839152188307529,0.01033571475085584
8,pproj0.571,10,-0.16547987552455495,0.010459199645413777
8,pproj0.571,11,-0.17334033402271648,0.010563082190442814
8,pproj0.571,12,-0.16593435822971692,0.010860869456897734
8,pproj0.571,13,-0.14972462654410998,0.009982412783530497
8,pproj0.571,14,-0.11985819898440872,0.009758974419911531
8,pproj0.571,15,-0.09365184638627523,0.009278003829024242
8,pproj0.571,16,-0.05842249609115582,0.008333724215089667
8,pproj0.571,17,-0.017563932785504086,0.007448373136819833
8,pproj0.571,18,-0.0022520019906504575,0.006194984709051955
8,pproj0.571,19,0.014070460440209874,0.004542408866071763
8,pproj0.571,20,0.004729948023558854,0.003737655760754616
8,pproj0.607,0,-0.00901091334727931,0.001888009961710526
8,pproj0.607,1,-0.01607452885732854,0.003402235051361806
8,pproj0.607,2,-0.042028247634097515,0.004955515463823273
8,pproj0.607,3,-0.05248958648005183,0.00521838189691879
8,pproj0.607,4,-0.07730616812457647,0.00724982317603959
8,pproj0.607,5,-0.07621683856143581,0.007107752532172464
8,pproj0.607,6,-0.09385321103874725,0.007833195186466548
8,pproj0.607,7,-0.115385851717643,0.008617415623895664
8,pproj0.607,8,-0.11054393757808695,0.008465648650505787
8,pproj0.607,9,-0.13215758494258104,0.00919259355943745
8,pproj0.607,10,-0.14222612583010985,0.009455241978767326
8,pproj0.607,11,-0.12398021143741454,0.009518595813974315
8,pproj0.607,12,-0.1212211337372337,0.009670205302115235
8,pproj0.607,13,-0.11356428336218699,0.009642686437953765
8,pproj0.607,14,-0.08569190379605504,0.008817545336317354
8,pproj0.607,15,-0.04601424710036191,0.008427013362084422
8,pproj0.607,16,-0.026236846350040345,0.0072519373644421205
8,pproj0.607,17,-0.011369702097652933,0.006634002290465257
8,pproj0.607,18,0.00353363466485012,0.005969549647317461
8,pproj0.607,19,0.015916650882972432,0.0045610941693956155
8,pproj0.607,20,0.008225624601092146,0.0036077362135766657
8,pproj0.643,0,-0.0045054566736396585,0.001425760195580233
8,pproj0.643,1,-0.01918281726955702,0.003638324760419786
8,pproj0.643,2,-0.01959327782695994,0.003655980968992234
8,pproj0.643,3,-0.020614558159817456,0.004135142101731116
8,pproj0.643,4,-0.049361483410778575,0.005871270016321846
8,pproj0.643,5,-0.04816065851633501,0.005804540823660229
8,pproj0.643,6,-0.06427357895305244,0.0066790372799904124
8,pproj0.643,7,-0.0774225397650726,0.0074050040505678535
8,pproj0.643,8,-0.0962786747335158,0.008128940528535395
8,pproj0.643,9,-0.09897888607634041,0.008230646416618881
8,pproj0.643,10,-0.08041203912275742,0.0075486617720222785
8,pproj0.643,11,-0.08954834632983806,0.008487064077923824
8,pproj0.643,12,-0.07271870208420847,0.008489186021252022
8,pproj0.643,13,-0.07337270839372119,0.008235149488325058
8,pproj0.643,14,-0.053823709957050186,0.008414124430202457
8,pproj0.643,15,-0.03510348281651715,0.007828239437766874
8,pproj0.643,16,-0.014808797893773786,0.007270047201798752
8,pproj0.643,17,-0.0037706661682386155,0.00607797160898042
8,pproj0.643,18,0.019404718107403688,0.004915611986694161
8,pproj0.643,19,0.012766462304339022,0.0043592513347093095
8,pproj0.643,20,0.011809174067443294,0.0031893911524238823
8,pproj0.679,0,-0.0017328679513998724,0.0007741863690328418
8,pproj0.679,1,-0.0051141348216093546,0.0017781737844644123
8,pproj0.679,2,-0.005678311472233088,0.0029596876253724157
8,pproj0.679,3,-0.019445387598784974,0.004396793674247702
8,pproj0.679,4,-0.021602407099950524,0.004547325605122233
8,pproj0.679,5,-0.03318169512038872,0.005246429465429184
8,pproj0.679,6,-0.041686001967190606,0.005859975125091399
8,pproj0.679,7,-0.05192933942038584,0.006458921957022938
8,pproj0.679,8,-0.0444736774567466,0.006465823800852906
8,pproj0.679,9,-0.0680877705944423,0.007230417599787363
8,pproj0.679,10,-0.06610660056667887,0.007523318246279654
8,pproj0.679,11,-0.0674332810625211,0.007994380160983357
8,pproj0.679,12,-0.04439276760098288,0.007386522102618217
8,pproj0.679,13,-0.04234683354669666,0.007387091130005402
8,pproj0.679,14,-0.022805626589663085,0.007281454009856454
8,pproj0.679,15,-0.007949256310464352,0.006697217550098367
8,pproj0.679,16,-0.0006450726262852496,0.006125556618194432
8,pproj0.679,17,0.01299966998757655,0.005668091575960598
8,pproj0.679,18,0.01611709193762628,0.004889062437678078
8,pproj0.679,19,0.016959054255188705,0.004079386010488296
8,pproj0.679,20,0.010686493545406893,0.0030403026113622993
8,pproj0.714,0,-0.0013862943611198959,0.0006926268648249963
8,pproj0.714,1,-0.0023940043205309485,0.0017202033846792169
8,pproj0.714,2,-0.0023965475235382884,0.0025358657873567007
8,pproj0.714,3,-0.006459617408491652,0.0032043189662735085
8,pproj0.714,4,-0.009479989284247533,0.0037526684572670465
8,pproj0.714,5,-0.01069664459263004,0.004085154067667915
8,pproj0.714,6,-0.023189635215353797,0.00523033250114185
8,pproj0.714,7,-0.018135847439040818,0.005281180262924302
8,pproj0.714,8,-0.027954391085795834,0.005873018207633903
8,pproj0.714,9,-0.034078333004964295,0.006198453821213867
8,pproj0.714,10,-0.03224115454712199,0.006326034170510775
8,pproj0.714,11,-0.029364953917711052,0.006764093424183616
8,pproj0.714,12,-0.027845581030462023,0.0066463656455880695
8,pproj0.714,13,-0.005106883229399198,0.006113710373488702
8,pproj0.714,14,-0.007069893820388074,0.006434479742044059
8,pproj0.714,15,0.0005295427906981405,0.006564256717955707
8,pproj0.714,16,0.018377800673921193,0.00545207032061595
8,pproj0.714,17,0.013520303368925872,0.004702865791712487
8,pproj0.714,18,0.020030114696651176,0.004363521766953949
8,pproj0.714,19,0.014670862310089251,0.0036510626043672985
8,pproj0.714,20,0.015984124570048944,0.002743306369432587
8,pproj0.750,0,-0.00034657359027997516,0.0003465735902799726
8,pproj0.750,1,0.0024231094013177027,0.0015410722414700647
8,pproj0.750,2,0.0006662664741606066,0.001902462006501663
8,pproj0.750,3,-0.00014345801868094555,0.0024925883563352152
8,pproj0.750,4,-0.008873432057120436,0.0030555397402201776
8,pproj0.750,5,-0.0034794524614227954,0.003968193718627479
8,pproj0.750,6,-0.0056809318358905046,0.004113412663611983
8,pproj0.750,7,0.0017393259143651508,0.004655993308120152
8,pproj0.750,8,-0.016241270801489592,0.0053889222258916274
8,pproj0.750,9,-0.0014992120941480008,0.005001915914341598
8,pproj0.750,10,-0.004144811425864393,0.005042790200917731
8,pproj0.750,11,-0.009183019179311315,0.005864688210197457
8,pproj0.750,12,-0.0016106159449794544,0.005863531410290799
8,pproj0.750,13,-0.00415703203451,0.005854133151021403
8,pproj0.750,14,0.012330560765421208,0.005872040475314143
8,pproj0.750,15,0.02105553857133472,0.005195961201704979
8,pproj0.750,16,0.021333250592691214,0.004735781940578196
8,pproj0.750,17,0.020217714700215078,0.0040820505275115755
8,pproj0.750,18,0.012483680282167942,0.0035921279538471238
8,pproj0.750,19,0.013148065460571434,0.003147627189561784
8,pproj0.750,20,0.009732631203521013,0.002106214501544085
8,pproj0.786,0,-1.3322676295501879e-18,3.586074781793481e-19
8,pproj0.786,1,0.0017717109996026798,0.0011589873319313424
8,pproj0.786,2,0.005068589807317121,0.0016455825756763257
8,pproj0.786,3,0.002768775838575261,0.0026075592806270513
8,pproj0.786,4,0.004187101318736414,0.002567000093407067
8,pproj0.786,5,0.00431278472506659,0.0034014886427479137
8,pproj0.786,6,0.0070801670402346915,0.0037317286018024734
8,pproj0.786,7,0.0007755021778049292,0.0039098521436199815
8,pproj0.786,8,0.010337351209875877,0.004074955702517608
8,pproj0.786,9,0.015732055884859614,0.004175346389927844
8,pproj0.786,10,0.002195242879576414,0.0045651093178541245
8,pproj0.786,11,0.011001331102001593,0.00491179188095925
8,pproj0.786,12,0.012103672737109702,0.0050468585432889585
8,pproj0.786,13,0.016150785975152317,0.0046516995987603525
8,pproj0.786,14,0.025330550457230545,0.00506213707172234
8,pproj0.786,15,0.02325541802293948,0.004419147892100521
8,pproj0.786,16,0.024593419486867503,0.004074348483040328
8,pproj0.786,17,0.021304855271577026,0.003995179521906528
8,pproj0.786,18,0.015452407463215374,0.0030434649638996563
8,pproj0.786,19,0.008372280544193124,0.0023277346411874175
8,pproj0.786,20,0.010766560820689141,0.002176696933005686
8,pproj0.821,0,-7.771561172376096e-19,2.7146006950167985e-19
8,pproj0.821,1,0.0036716799950458822,0.0012583886369351524
8,pproj0.821,2,0.004571543814484493,0.0014045895351573077
8,pproj0.821,3,0.008993243622686428,0.0018277458378693772
8,pproj0.821,4,0.00937239228108517,0.0024590790686560837
8,pproj0.821,5,0.013473347902021642,0.00250106164203173
8,pproj0.821,6,0.012870988751941254,0.0032556508228381888
8,pproj0.821,7,0.012418930803253438,0.0032841011193267887
8,pproj0.821,8,0.017503285072398688,0.0037260474886955837
8,pproj0.821,9,0.019318038680808846,0.0038673974178430434
8,pproj0.821,10,0.02048263389887406,0.004362302935734904
8,pproj0.821,11,0.022736664301391873,0.004020077327684416
8,pproj0.821,12,0.028617645514354976,0.0044264452836863645
8,pproj0.821,13,0.021722638870533793,0.004544595873646677
8,pproj0.821,14,0.020083375625396926,0.004254040936901617
8,pproj0.821,15,0.02975034136963669,0.004381550862174922
8,pproj0.821,16,0.02054368949521777,0.0037729116862291793
8,pproj0.821,17,0.02540719853134335,0.0036344464085832176
8,pproj0.821,18,0.02415357504258062,0.003140869616864578
8,pproj0.821,19,0.009447825010126408,0.0023333716300142143
8,pproj0.821,20,0.009082083234743618,0.0017374573590783712
8,pproj0.857,0,-1.6653345369377348e-19,9.610002416639412e-20
8,pproj0.857,1,0.0027844469855484353,0.0009349033980138586
8,pproj0.857,2,0.0031162565818776545,0.0011568493399043219
8,pproj0.857,3,0.006732044780902543,0.0014928327113482255
8,pproj0.857,4,0.010226065859446465,0.0021711666867455692
8,pproj0.857,5,0.015299768264967978,0.0025060624928626156
8,pproj0.857,6,0.014503686489894991,0.0024753505336447567
8,pproj0.857,7,0.01164527750870748,0.002516196203165666
8,pproj0.857,8,0.02128248576856476,0.0032870855862435506
8,pproj0.857,9,0.020419687780066677,0.0032617365594703063
8,pproj0.857,10,0.018698406572420775,0.003323090019675821
8,pproj0.857,11,0.03376663644921042,0.004111938051253909
8,pproj0.857,12,0.0323838156018648,0.004068449008527691
8,pproj0.857,13,0.03374123669649593,0.0037152826912388577
8,pproj0.857,14,0.03416143594696994,0.00381395184075087
8,pproj0.857,15,0.03014142545199418,0.0038400104247371136
8,pproj0.857,16,0.02026695178986696,0.003212152366114319
8,pproj0.857,17,0.03096952807648089,0.003233291068719873
8,pproj0.857,18,0.0184877960797824,0.002721791272927633
8,pproj0.857,19,0.007781188349933825,0.001791577080192248
8,pproj0.857,20,0.004040535791013381,0.0012349692042076393
8,pproj0.893,0,0.0,0.0
8,pproj0.893,1,0.0019616585060234495,0.0007493802252810296
8,pproj0.893,2,0.003183700833657318,0.0010912466152720364
8,pproj0.893,3,0.00754531647107107,0.0015333221780719662
8,pproj0.893,4,0.005870775780809494,0.0015820854692892902
8,pproj0.893,5,0.008337898407227151,0.001747246280069277
8,pproj0.893,6,0.009382073528416444,0.0021293228591078915
8,pproj0.893,7,0.019806531890345123,0.00266803481085852
8,pproj0.893,8,0.018559530223936634,0.002900955825217188
8,pproj0.893,9,0.01816693759373942,0.002820329535824486
8,pproj0.893,10,0.0237864964638754,0.0031484607917478913
8,pproj0.893,11,0.02296168909911833,0.003127209984656059
8,pproj0.893,12,0.027115308014415775,0.0034384041814652213
8,pproj0.893,13,0.02932369266829099,0.003222099670020117
8,pproj0.893,14,0.02478815329403247,0.0033207231164789916
8,pproj0.893,15,0.02330894124486571,0.00292846819604186
8,pproj0.893,16,0.01830886449953822,0.002766305619152566
8,pproj0.893,17,0.016924262908488037,0.0024131363751656977
8,pproj0.893,18,0.011159411900026256,0.002084817076131077
8,pproj0.893,19,0.010801430004350035,0.0019334411348135392
8,pproj0.893,20,0.0065577117013701685,0.0015740352885428009
8,pproj0.929,0,0.0,0.0
8,pproj0.929,1,0.0004054651081081627,0.0003515125088765124
8,pproj0.929,2,0.0024260151319598043,0.0008734797810528819
8,pproj0.929,3,0.0038445787536484782,0.001088078804642257
8,pproj0.929,4,0.0028756077639454083,0.0010794387326298683
8,pproj0.929,5,0.007068537325136153,0.001599273770217466
8,pproj0.929,6,0.006456126980594317,0.0018110899097178745
8,pproj0.929,7,0.007891890061351036,0.001833828490407443
8,pproj0.929,8,0.013435290288568305,0.002196665985223998
8,pproj0.929,9,0.01280323194942633,0.0021368795389635513
8,pproj0.929,10,0.01860944890148587,0.0026329921425137463
8,pproj0.929,11,0.019089668183167867,0.0026361199412277773
8,pproj0.929,12,0.017935604512418643,0.002669850189585495
8,pproj0.929,13,0.02146478027456105,0.0027995009978908003
8,pproj0.929,14,0.02162772535630957,0.0028148463243621888
8,pproj0.929,15,0.015296671025553408,0.0023428725622884907
8,pproj0.929,16,0.01743720140865122,0.0025252748978658018
8,pproj0.929,17,0.008633625677025277,0.0019285491549763923
8,pproj0.929,18,0.007630265989468768,0.0017111093533664589
8,pproj0.929,19,0.005832859516931338,0.0014039392423986113
8,pproj0.929,20,0.0052574953720277776,0.0013258134141785052
8,pproj0.964,0,0.0,0.0
8,pproj0.964,1,0.0004904146265058624,0.00037517145512353726
8,pproj0.964,2,0.0010397207708399154,0.0005999827000990962
8,pproj0.964,3,0.002510964650357503,0.0008831691650721905
8,pproj0.964,4,0.003321894866573833,0.0010569583045067065
8,pproj0.964,5,0.004505456673639637,0.0012152351905688724
8,pproj0.964,6,0.005635773966186633,0.0014250751028745492
8,pproj0.964,7,0.006159022109951181,0.00148165671609438
8,pproj0.964,8,0.006217913627779369,0.0014140249104281437
8,pproj0.964,9,0.008714114284186126,0.001752986247256496
8,pproj0.964,10,0.013116551916120135,0.002078606228280545
8,pproj0.964,11,0.011808995813398664,0.0019881756031130313
8,pproj0.964,12,0.010108397122567586,0.0018660877900393024
8,pproj0.964,13,0.01043512397227733,0.0018987707698158258
8,pproj0.964,14,0.008924835315501782,0.001757539917381009
8,pproj0.964,15,0.011227420408495828,0.0019157071230697276
8,pproj0.964,16,0.006787630769373555,0.0014863089540558228
8,pproj0.964,17,0.0067932777726829345,0.001469362769700173
8,pproj0.964,18,0.003982208529875092,0.0011314030070988385
8,pproj0.964,19,0.0027725887222397787,0.0009482560187839124
8,pproj0.964,20,0.0025109646503575053,0.0009285633377050219
12,pproj0.500,0,-0.06688870292403479,0.0053746373575466674
12,pproj0.500,1,-0.17095194993109022,0.009333314145977739
12,pproj0.500,2,-0.26631966207627317,0.011526403337511142
12,pproj0.500,3,-0.34235495749111433,0.013171023592966423
12,pproj0.500,4,-0.43187054786781204,0.014198775856501413
12,pproj0.500,5,-0.4878816688480327,0.014839856250314818
12,pproj0.500,6,-0.5705208791893711,0.01561770400002074
12,pproj0.500,7,-0.6278309731567853,0.016792854240236327
12,pproj0.500,8,-0.6543734210229846,0.01704218064774104
12,pproj0.500,9,-0.706190933060684,0.0175330549280708
12,pproj0.500,10,-0.6916319934103901,0.017226605851726393
12,pproj0.500,11,-0.7100207175707209,0.0176581406107326
12,pproj0.500,12,-0.6385202020643821,0.017130302860071733
12,pproj0.500,13,-0.5448285949412427,0.016909582069953386
12,pproj0.500,14,-0.4251955645393801,0.016878806375523452
12,pproj0.500,15,-0.2746394223386287,0.01540437016633995
12,pproj0.500,16,-0.13756987901001116,0.01277373000479695
12,pproj0.500,17,-0.040550509094162045,0.010140513339810399
12,pproj0.500,18,0.0023687045804436737,0.007413460463260125
12,pproj0.500,19,0.012118342821535748,0.004468110659911379
12,pproj0.500,20,0.0027696776907123358,0.0025669571305677453
12,pproj0.536,0,-0.03179982078735984,0.003731240224640452
12,pproj0.536,1,-0.12165866794101497,0.008188322348957902
12,pproj0.536,2,-0.20499575326575115,0.010205758440265094
12,pproj0.536,3,-0.2594916226818255,0.01138294535914726
12,pproj0.536,4,-0.3440088532290158,0.012979189834706866
12,pproj0.536,5,-0.3788185008582891,0.014079491161798796
12,pproj0.536,6,-0.4502747916501728,0.014706509210492285
12,pproj0.536,7,-0.497187022439509,0.01509404294546376
12,pproj0.536,8,-0.5521730598297777,0.015457946166825956
12,pproj0.536,9,-0.5862245558551133,0.016711202941688687
12,pproj0.536,10,-0.5986073458078782,0.016355840416411083
12,pproj0.536,11,-0.5722275721979223,0.015993431422401727
12,pproj0.536,12,-0.521643850533691,0.01622531935593456
12,pproj0.536,13,-0.4555592757469509,0.016399530553722088
12,pproj0.536,14,-0.3510090368700925,0.015969914164854854
12,pproj0.536,15,-0.19955938434706802,0.013539838843072492
12,pproj0.536,16,-0.11130210226368592,0.012336472444305522
12,pproj0.536,17,-0.016470642309329143,0.009261088806468308
12,pproj0.536,18,0.009532465974905747,0.006704799053988282
12,pproj0.536,19,0.01445026575942537,0.004117694017403806
12,pproj0.536,20,0.004052772613694862,0.0027545993255458177
12,pproj0.571,0,-0.017877985658332728,0.002640351678595167
12,pproj0.571,1,-0.07693950293164528,0.006491127773947787
12,pproj0.571,2,-0.11976077017951563,0.008368049053649717
12,pproj0.571,3,-0.19382142266459454,0.010397301779302596
12,pproj0.571,4,-0.23609572396394168,0.011284843527587142
12,pproj0.571,5,-0.30661535462745715,0.012969589975900022
12,pproj0.571,6,-0.3460131018254697,0.013502360261507047
12,pproj0.571,7,-0.4307018116761826,0.014603590520354441
12,pproj0.571,8,-0.4126242007769424,0.014913417710672781
12,pproj0.571,9,-0.48759824087992193,0.015712752840427977
12,pproj0.571,10,-0.47476862415155674,0.015429627303291714
12,pproj0.571,11,-0.4639069553607679,0.015677089950823966
12,pproj0.571,12,-0.46590142105506516,0.016264546868755433
12,pproj0.571,13,-0.37644558496558445,0.015435127290893136
12,pproj0.571,14,-0.2832101755643413,0.014298240905034646
12,pproj0.571,15,-0.18805541073325022,0.01367250880430559
12,pproj0.571,16,-0.06954137040833276,0.010970422090713009
12,pproj0.571,17,-0.004700606096022671,0.008279466749000229
12,pproj0.571,18,0.016620314276790116,0.005819113831284713
12,pproj0.571,19,0.014193841979988093,0.003948980299623263
12,pproj0.571,20,0.0056626626872424155,0.0026489619875972236
12,pproj0.607,0,-0.004158883083359693,0.0012937442875638056
12,pproj0.607,1,-0.0329883639738662,0.00507432863346809
12,pproj0.607,2,-0.08350410734269624,0.007495223710331622
12,pproj0.607,3,-0.1158078881395277,0.008962445902107773
12,pproj0.607,4,-0.13810484221227787,0.00976782882362372
12,pproj0.607,5,-0.1867946062200935,0.010654131110424894
12,pproj0.607,6,-0.25909178836499835,0.012737548300548945
12,pproj0.607,7,-0.29345482248572957,0.012572743427552885
12,pproj0.607,8,-0.3135218011477073,0.013389503057584316
12,pproj0.607,9,-0.34843278507152636,0.01424038877962765
12,pproj0.607,10,-0.3885568293655102,0.014530652418043062
12,pproj0.607,11,-0.37929134123579766,0.014436710484210045
12,pproj0.607,12,-0.33978048087408186,0.014398549695994271
12,pproj0.607,13,-0.29822235569369454,0.014229157154826935
12,pproj0.607,14,-0.1950068203665113,0.01313313927026437
12,pproj0.607,15,-0.11999091697555324,0.011742279279783278
12,pproj0.607,16,-0.03865294742676414,0.010181585127296265
12,pproj0.607,17,0.0033349036203476185,0.007967903560101571
12,pproj0.607,18,0.01887824844851798,0.005376154747451451
12,pproj0.607,19,0.02161432711359699,0.0032749766444575296
12,pproj0.607,20,0.0045129941162528366,0.0022264792637290555
12,pproj0.643,0,-0.0038123094930797123,0.0012469895488199068
12,pproj0.643,1,-0.02073890165267103,0.004530777844646879
12,pproj0.643,2,-0.03761971223080839,0.00594947609071792
12,pproj0.643,3,-0.06668190557810649,0.007322348898094311
12,pproj0.643,4,-0.10273780179271444,0.008965630179778092
12,pproj0.643,5,-0.11844510200629554,0.00936428654452218
12,pproj0.643,6,-0.16403695125954199,0.010588038331292796
12,pproj0.643,7,-0.20220758799654345,0.011855593966134089
12,pproj0.643,8,-0.23748756965171686,0.0125978830960562
12,pproj0.643,9,-0.2652678845912728,0.013145237343408911
12,pproj0.643,10,-0.2624596657749712,0.013035525465109853
12,pproj0.643,11,-0.27006215791112476,0.01310024211353888
12,pproj0.643,12,-0.2740182983750351,0.013431751074391329
12,pproj0.643,13,-0.22545676610820028,0.013505906981596282
12,pproj0.643,14,-0.1610299010206843,0.01220761964865807
12,pproj0.643,15,-0.08706960984846068,0.011241558272470063
12,pproj0.643,16,-0.003840425574771638,0.008277097201333945
12,pproj0.643,17,0.012812959468253126,0.006742503396772403
12,pproj0.643,18,0.028674096132809433,0.004580541982036735
12,pproj0.643,19,0.008567499187115567,0.0032697328158552935
12,pproj0.643,20,0.00864639231890745,0.002232022109301466
12,pproj0.679,0,-0.002079441541679846,0.0009793996125557268
12,pproj0.679,1,-0.0012652716932204852,0.0035273997947556477
12,pproj0.679,2,-0.015233851709172274,0.005293486188596355
12,pproj0.679,3,-0.03930871839065322,0.00643535993179146
12,pproj0.679,4,-0.05547179839977267,0.007637651656555031
12,pproj0.679,5,-0.06910720300041158,0.00852885298659651
12,pproj0.679,6,-0.08803166413078532,0.009409179304002598
12,pproj0.679,7,-0.12391154697572242,0.010319725112656854
12,pproj0.679,8,-0.1411071399121748,0.010963051053583722
12,pproj0.679,9,-0.1867001676604658,0.011574461516683657
12,pproj0.679,10,-0.21434229779337158,0.012880101451599082
12,pproj0.679,11,-0.17836784718057577,0.01182330884164227
12,pproj0.679,12,-0.18674240023692373,0.012204271128836177
12,pproj0.679,13,-0.17477326083104885,0.012179374222056059
12,pproj0.679,14,-0.09545005497291496,0.011347236576416309
12,pproj0.679,15,-0.053735774820979534,0.009853249867949429
12,pproj0.679,16,0.010028202717731895,0.007879190025441941
12,pproj0.679,17,0.03704603416130203,0.005875553113038199
12,pproj0.679,18,0.023055231247708963,0.004302504390422315
12,pproj0.679,19,0.011368663644710768,0.0028264215349778138
12,pproj0.679,20,0.008889038488908273,0.0016775077917059419
12,pproj0.714,0,-5.995204332975845e-18,7.972590611867677e-19
12,pproj0.714,1,2.2935935539365848e-05,0.0026740308444851593
12,pproj0.714,2,0.0002485303457834247,0.0045892273342193575
12,pproj0.714,3,-0.007578521162850832,0.005843356711099923
12,pproj0.714,4,0.006254411992026058,0.006219242471175721
12,pproj0.714,5,-0.025516587049815964,0.007403263965115163
12,pproj0.714,6,-0.04057325166424109,0.008138389196488254
12,pproj0.714,7,-0.057974838548126836,0.00853347314788598
12,pproj0.714,8,-0.08781423071980858,0.009774617500035745
12,pproj0.714,9,-0.11552073092342377,0.010480850830917139
12,pproj0.714,10,-0.11531736653304021,0.010861600018165486
12,pproj0.714,11,-0.12594586993521095,0.010337979068084672
12,pproj0.714,12,-0.1034372133481106,0.010647606334202971
12,pproj0.714,13,-0.1014723150204854,0.010609276294113316
12,pproj0.714,14,-0.04539166032685302,0.009933482018782497
12,pproj0.714,15,-0.013364642866457548,0.008501027712052092
12,pproj0.714,16,0.021953972317508615,0.007411244658182366
12,pproj0.714,17,0.040227749068832405,0.00535818433089926
12,pproj0.714,18,0.02617723574937489,0.0036656140371912533
12,pproj0.714,19,0.012649118563978828,0.002391770372263521
12,pproj0.714,20,0.0064710881855970705,0.0014980760908433694
12,pproj0.750,0,-0.00034657359027997543,0.0003465735902799726
12,pproj0.750,1,0.006557826000147651,0.002292272507582807
12,pproj0.750,2,0.009883638120114968,0.0040009650710692264
12,pproj0.750,3,0.007306202039073142,0.005294718565652058
12,pproj0.750,4,0.015722310290157096,0.005812482833316729
12,pproj0.750,5,0.0019647076584038167,0.006337863294399788
12,pproj0.750,6,-0.004862533869638686,0.006941882208034316
12,pproj0.750,7,-0.01574048003030326,0.007934973888500074
12,pproj0.750,8,-0.017629565774009273,0.008492310149968185
12,pproj0.750,9,-0.030189289052257047,0.008369102022783969
12,pproj0.750,10,-0.06861052086367525,0.009754305829301597
12,pproj0.750,11,-0.058190203224521925,0.009832599871866524
12,pproj0.750,12,-0.044397799688807235,0.009520509719987476
12,pproj0.750,13,-0.028818184699525243,0.00934789760682245
12,pproj0.750,14,-0.004624736007540277,0.008751157452691108
12,pproj0.750,15,0.01004036366013169,0.00778817604240967
12,pproj0.750,16,0.04168307262554398,0.006481017786030856
12,pproj0.750,17,0.03632625170807713,0.004867416517962345
12,pproj0.750,18,0.02469955638020455,0.003537555946847131
12,pproj0.750,19,0.013141197729524488,0.002401721854312382
12,pproj0.750,20,0.005916146116844242,0.001418246966630687
12,pproj0.786,0,-1.1102230246251566e-18,3.0310769849482018e-19
12,pproj0.786,1,0.008106951144238567,0.0018040474009742976
12,pproj0.786,2,0.015125585896685468,0.00335214574672777
12,pproj0.786,3,0.020619618754916785,0.004238855551971349
12,pproj0.786,4,0.021321681739232906,0.004945734897476387
12,pproj0.786,5,0.033445850611858154,0.005436748261601779
12,pproj0.786,6,0.035078139990350504,0.006251405586050158
12,pproj0.786,7,0.026821587417179122,0.006627258056446672
12,pproj0.786,8,0.019512625077034086,0.007136557940451489
12,pproj0.786,9,0.026104116815160106,0.007588507648258311
12,pproj0.786,10,0.012087653761787132,0.0078118978144993585
12,pproj0.786,11,0.006063178555792125,0.00807324463193217
12,pproj0.786,12,0.008702626525940371,0.008119598879474558
12,pproj0.786,13,0.01867479168347636,0.008560130701456883
12,pproj0.786,14,0.01508953762870554,0.007818145594731317
12,pproj0.786,15,0.04684279067070267,0.006729938818427848
12,pproj0.786,16,0.049456886301881664,0.005425614563752982
12,pproj0.786,17,0.03988635730239605,0.004348579343735623
12,pproj0.786,18,0.019380097134016252,0.0030054624353461866
12,pproj0.786,19,0.015615044254224938,0.002303663290565453
12,pproj0.786,20,0.0059704892931579465,0.0013760260532715274
12,pproj0.821,0,-4.440892098500626e-19,1.7530441328073003e-19
12,pproj0.821,1,0.005191092203350269,0.0015340456126115296
12,pproj0.821,2,0.023374829457442656,0.003058314465424303
12,pproj0.821,3,0.02634061716320992,0.0036442455809453525
12,pproj0.821,4,0.03079633777604218,0.004312467219284735
12,pproj0.821,5,0.036376971301688855,0.00496538278149281
12,pproj0.821,6,0.05142299279067353,0.005422402943934276
12,pproj0.821,7,0.038360982756024245,0.005869768490928836
12,pproj0.821,8,0.04772123704651494,0.006041361663302342
12,pproj0.821,9,0.04775267656649782,0.006670540350289275
12,pproj0.821,10,0.05073060177820158,0.0071602857684770465
12,pproj0.821,11,0.038608262241602194,0.007397989020479077
12,pproj0.821,12,0.0590018849438107,0.006981544875170412
12,pproj0.821,13,0.04793267764915626,0.006885968903916686
12,pproj0.821,14,0.05196807633113159,0.006430085296295412
12,pproj0.821,15,0.0548802032529717,0.0058482161581503815
12,pproj0.821,16,0.0504829916291332,0.0050142792449259085
12,pproj0.821,17,0.03514992116182215,0.0038095487888589706
12,pproj0.821,18,0.016607061001516498,0.0025215855410731995
12,pproj0.821,19,0.008315424692767142,0.0016595553533506533
12,pproj0.821,20,0.0026518423772485737,0.0010445726646350205
12,pproj0.857,0,-1.6653345369377348e-19,1.2410186741643505e-19
12,pproj0.857,1,0.007423549350590097,0.0015595954779840944
12,pproj0.857,2,0.01353610246271164,0.0021953785366952455
12,pproj0.857,3,0.027103352600442904,0.0031466389074115155
12,pproj0.857,4,0.03736328649936275,0.003878332733119071
12,pproj0.857,5,0.04798399432642455,0.00418706702045234
12,pproj0.857,6,0.052149127932388,0.004682145686600282
12,pproj0.857,7,0.04553950898959559,0.005005073674971356
12,pproj0.857,8,0.06691466884693661,0.005240185578897024
12,pproj0.857,9,0.06832171979430765,0.005606124493116427
12,pproj0.857,10,0.06755265879801789,0.005910807507351673
12,pproj0.857,11,0.08215630980615096,0.006088026793814039
12,pproj0.857,12,0.07247957810511615,0.006116077267176579
12,pproj0.857,13,0.06927873845425403,0.005859556685960125
12,pproj0.857,14,0.07128285121759118,0.00574198941734859
12,pproj0.857,15,0.06577489037106034,0.00529194450013169
12,pproj0.857,16,0.049943666494806596,0.004162684673826558
12,pproj0.857,17,0.038447415175413446,0.0035306789651242407
12,pproj0.857,18,0.018938685209564887,0.002574936562011649
12,pproj0.857,19,0.007366003389036074,0.001509543432638923
12,pproj0.857,20,0.0027403194616709915,0.0009349234490623143
12,pproj0.893,0,0.0,0.0
12,pproj0.893,1,0.00677110986577291,0.0014776128712644698
12,pproj0.893,2,0.008793416799274447,0.0018633202499938571
12,pproj0.893,3,0.015712504689412,0.0024734872304354124
12,pproj0.893,4,0.033563657608478376,0.0034000248269409517
12,pproj0.893,5,0.034929954517778146,0.0035418377071699675
12,pproj0.893,6,0.04373667333158404,0.003793256056725321
12,pproj0.893,7,0.055027326700070725,0.00442104639053297
12,pproj0.893,8,0.05897458996920615,0.004743815295033152
12,pproj0.893,9,0.06300286309953722,0.004974151754292459
12,pproj0.893,10,0.08252239027664214,0.005333290082760468
12,pproj0.893,11,0.0827448587989312,0.005167657882585623
12,pproj0.893,12,0.07473194394046047,0.005271093816282284
12,pproj0.893,13,0.08036190597049517,0.005442575005313175
12,pproj0.893,14,0.0589271434506817,0.004747856508065239
12,pproj0.893,15,0.05936325267094802,0.004445835384230614
12,pproj0.893,16,0.04292248737826469,0.003857527762455634
12,pproj0.893,17,0.016222246078796528,0.0024968666793301893
12,pproj0.893,18,0.016012362387383072,0.002339011207052498
12,pproj0.893,19,0.003609576939025611,0.001192393222790111
12,pproj0.893,20,0.0018767089876257522,0.0007872772037128439
12,pproj0.929,0,0.0,0.0
12,pproj0.929,1,0.003956150529305585,0.0011297903169388253
12,pproj0.929,2,0.008840450053793983,0.0017715292706396932
12,pproj0.929,3,0.01430911641504981,0.0021855419907798324
12,pproj0.929,4,0.022493771295472115,0.0027519508439545876
12,pproj0.929,5,0.024871682605168477,0.0029019529188411565
12,pproj0.929,6,0.038254284849469286,0.0035019972224924804
12,pproj0.929,7,0.04632256153052325,0.00386062283317579
12,pproj0.929,8,0.04800442702188785,0.00399329314343992
12,pproj0.929,9,0.058609514795490765,0.004226497294463564
12,pproj0.929,10,0.07048860060725318,0.004511058348697905
12,pproj0.929,11,0.0663689419650603,0.004624264373184653
12,pproj0.929,12,0.06471458244895274,0.004675554597494552
12,pproj0.929,13,0.05423212027321383,0.004137166446028372
12,pproj0.929,14,0.05494977597602804,0.004183349498565471
12,pproj0.929,15,0.04128161438901213,0.003761053971107861
12,pproj0.929,16,0.024800696440038038,0.002832548063707134
12,pproj0.929,17,0.01432207334015336,0.0021267564458312994
12,pproj0.929,18,0.009762387788977518,0.0018607099894819153
12,pproj0.929,19,0.0030664820546908384,0.00100305443861995
12,pproj0.929,20,0.000836988216785835,0.0005105847867262963
12,pproj0.964,0,0.0,0.0
12,pproj0.964,1,0.002223282577905724,0.0008598069003108435
12,pproj0.964,2,0.002975321276293859,0.0009990391822170504
12,pproj0.964,3,0.003204111830917445,0.0010091346634696536
12,pproj0.964,4,0.010463973404711432,0.0018679285437923636
12,pproj0.964,5,0.017748230060590127,0.0025339705589638886
12,pproj0.964,6,0.015733441338825364,0.0022999009213934734
12,pproj0.964,7,0.023507548364520025,0.0027371950613128034
12,pproj0.964,8,0.027759819401451363,0.0029889218800652484
12,pproj0.964,9,0.03193056074811968,0.0032273652722750548
12,pproj0.964,10,0.04125521416842027,0.003581656304496329
12,pproj0.964,11,0.035641399819201044,0.0034039127894901857
12,pproj0.964,12,0.0400856235010603,0.0035887194838296866
12,pproj0.964,13,0.03025447143815083,0.0030880100471193223
12,pproj0.964,14,0.027401787346577833,0.002882770732547788
12,pproj0.964,15,0.019604078093043355,0.002521450814754657
12,pproj0.964,16,0.01220881391819745,0.0019919231046928586
12,pproj0.964,17,0.008488229460204635,0.0016699519005925986
12,pproj0.964,18,0.0051397123363713946,0.001285403175671644
12,pproj0.964,19,0.000693147180559944,0.0004900064628338599
12,pproj0.964,20,3.449643574347505e-05,3.4496435743475546e-05
16,pproj0.500,0,-0.06841782180588711,0.005578858713894587
16,pproj0.500,1,-0.3032636118081835,0.012275415192336998
16,pproj0.500,2,-0.43766305292120045,0.014983549326710777
16,pproj0.500,3,-0.5963990205758838,0.017651510362955446
16,pproj0.500,4,-0.7143575633348481,0.018613728343559788
16,pproj0.500,5,-0.869964623989018,0.020115856829142482
16,pproj0.500,6,-0.9604741463016722,0.02018354984733309
16,pproj0.500,7,-1.098025341854929,0.021230955359367934
16,pproj0.500,8,-1.1202019877166995,0.02111000452362449
16,pproj0.500,9,-1.19509846942142,0.02157215928234124
16,pproj0.500,10,-1.1713377658684703,0.02209812742318781
16,pproj0.500,11,-1.210307235998846,0.022320921736508924
16,pproj0.500,12,-1.0665539275541256,0.023353772850696394
16,pproj0.500,13,-0.9083310918011478,0.02347129620112985
16,pproj0.500,14,-0.6671167804430664,0.021914158866056646
16,pproj0.500,15,-0.3502604246652926,0.019391940131850333
16,pproj0.500,16,-0.16370708035043716,0.015590135386511458
16,pproj0.500,17,-0.017893014502259313,0.009413183059086772
16,pproj0.500,18,0.023873422959246045,0.004918288624415135
16,pproj0.500,19,0.007175239608968056,0.0030389882496004083
16,pproj0.500,20,0.0012245587027574641,0.001544166707085556
16,pproj0.536,0,-0.03471247475094353,0.0037063864716797
16,pproj0.536,1,-0.17794114636003605,0.01025450033204235
16,pproj0.536,2,-0.325581956527894,0.013559873811197514
16,pproj0.536,3,-0.42514561753496866,0.015483430204682304
16,pproj0.536,4,-0.53839928293396,0.017029084639199728
16,pproj0.536,5,-0.6554867220766855,0.018611925391277668
16,pproj0.536,6,-0.7737696212883125,0.019027248193691313
16,pproj0.536,7,-0.8739761194157132,0.020111973386777244
16,pproj0.536,8,-0.9311495771886944,0.021106022295114487
16,pproj0.536,9,-1.0052838634007826,0.02105183810376545
16,pproj0.536,10,-1.058498936308211,0.021397044013898834
16,pproj0.536,11,-1.0289651446460422,0.02185246701443491
16,pproj0.536,12,-0.9675681925747887,0.021522873275595003
16,pproj0.536,13,-0.8399423014424158,0.022066580005636563
16,pproj0.536,14,-0.6072461103594549,0.021117713113303824
16,pproj0.536,15,-0.32068900166958597,0.018561119497277134
16,pproj0.536,16,-0.1178416404174624,0.014564381554489294
16,pproj0.536,17,-0.01866510585122602,0.009936686457715825
16,pproj0.536,18,0.020708229679026403,0.005255946674519145
16,pproj0.536,19,0.007486635543457732,0.0026834752440624754
16,pproj0.536,20,0.002671581725233549,0.001441971763313427
16,pproj0.571,0,-0.017328679513998677,0.0026114817735322666
16,pproj0.571,1,-0.10706544513151356,0.008676684135431458
16,pproj0.571,2,-0.20268750995321444,0.011688778192092087
16,pproj0.571,3,-0.3188217392310889,0.013787330334380442
16,pproj0.571,4,-0.42429222685768353,0.015892515165682727
16,pproj0.571,5,-0.5131836447780757,0.017315910033047614
16,pproj0.571,6,-0.5849860377740047,0.018427105072368388
16,pproj0.571,7,-0.7227751252235939,0.01931394415683105
16,pproj0.571,8,-0.7529924314138903,0.019687852497433864
16,pproj0.571,9,-0.836888251182209,0.02030232576342674
16,pproj0.571,10,-0.8614821817691343,0.020759996084381484
16,pproj0.571,11,-0.8813472742528023,0.020358430908719864
16,pproj0.571,12,-0.8018382540463777,0.020779557034036465
16,pproj0.571,13,-0.6939305194926819,0.020715830248641553
16,pproj0.571,14,-0.5024311252065692,0.019918852335384873
16,pproj0.571,15,-0.2816625929038369,0.017736848465934048
16,pproj0.571,16,-0.07983534057608015,0.013066953390804763
16,pproj0.571,17,0.01103271964273683,0.008387637674720689
16,pproj0.571,18,0.020557136912069965,0.004163066619344729
16,pproj0.571,19,0.007929341536766313,0.0024750635229924653
16,pproj0.571,20,0.0013427886726250673,0.0005988197181394612
16,pproj0.607,0,-0.004505456673639672,0.001425760195580233
16,pproj0.607,1,-0.06320444623143667,0.007780068824037199
16,pproj0.607,2,-0.1283701810509624,0.010190704407131549
16,pproj0.607,3,-0.1878939686189153,0.011634107020711087
16,pproj0.607,4,-0.26745247794533555,0.01410328415581563
16,pproj0.607,5,-0.3479863640595624,0.015244585430510379
16,pproj0.607,6,-0.4495834593229407,0.01665006213596607
16,pproj0.607,7,-0.5132446416895445,0.01717922896307467
16,pproj0.607,8,-0.5849045020200445,0.019020235378922723
16,pproj0.607,9,-0.6543373971088126,0.019081353106333916
16,pproj0.607,10,-0.7145575522553984,0.01924572040234865
16,pproj0.607,11,-0.7082873487245128,0.019737364392846724
16,pproj0.607,12,-0.6676085896151962,0.019799725447048163
16,pproj0.607,13,-0.552968907746826,0.01950295731804111
16,pproj0.607,14,-0.4176265996998053,0.01855773983114578
16,pproj0.607,15,-0.1772999732721765,0.01526523257513485
16,pproj0.607,16,-0.04003655864346797,0.012223910964248264
16,pproj0.607,17,0.02541044146379582,0.007105543473065061
16,pproj0.607,18,0.013207047679092792,0.004385301609674976
16,pproj0.607,19,0.014818345518286674,0.0025105622300715634
16,pproj0.607,20,0.0030409114959308436,0.001045817246273071
16,pproj0.643,0,-0.0010397207708399362,0.0005999827000990962
16,pproj0.643,1,-0.008602198818269208,0.005453835589900886
16,pproj0.643,2,-0.0376555816488726,0.008436596941600996
16,pproj0.643,3,-0.11798725290927159,0.010642555143062624
16,pproj0.643,4,-0.13424338639726244,0.01149005274348081
16,pproj0.643,5,-0.21318446713891398,0.013801439849833017
16,pproj0.643,6,-0.2653034163504046,0.014341548208944656
16,pproj0.643,7,-0.3785411334959764,0.016578316535178435
16,pproj0.643,8,-0.42717777064159645,0.017248426919297857
16,pproj0.643,9,-0.5187589140029992,0.01785079785410988
16,pproj0.643,10,-0.5077878048570977,0.017870607372430236
16,pproj0.643,11,-0.5198544045318984,0.018230618780217242
16,pproj0.643,12,-0.5382598767025095,0.018404024375490192
16,pproj0.643,13,-0.4424702241931375,0.017841331538073022
16,pproj0.643,14,-0.28720945092079037,0.016862445599504432
16,pproj0.643,15,-0.1525860914238877,0.014638461808950782
16,pproj0.643,16,-0.014765138852457341,0.010554906137023952
16,pproj0.643,17,0.0243492568444358,0.007016009385040153
16,pproj0.643,18,0.020692309222500215,0.00380829313170316
16,pproj0.643,19,0.0030677849650354166,0.0018566983482837752
16,pproj0.643,20,0.000966820980976554,0.0007219938073209343
16,pproj0.679,0,-0.0003465735902799815,0.0003465735902799726
16,pproj0.679,1,0.002702378274027884,0.005150111098578798
16,pproj0.679,2,-0.00953253958893678,0.006817329618228203
16,pproj0.679,3,-0.04883372923409493,0.009112325838762475
16,pproj0.679,4,-0.06167950182234375,0.010499538829579722
16,pproj0.679,5,-0.10297469689254006,0.011558026764645237
16,pproj0.679,6,-0.19298415538504066,0.013481648187053902
16,pproj0.679,7,-0.20835865564819345,0.014210560143840366
16,pproj0.679,8,-0.2930352747639828,0.015166137520579074
16,pproj0.679,9,-0.3353462409958049,0.016348723585470553
16,pproj0.679,10,-0.3660712913703187,0.016999109819987417
16,pproj0.679,11,-0.4097148126427484,0.016598982094721194
16,pproj0.679,12,-0.3631498372545316,0.016522686397519214
16,pproj0.679,13,-0.29685964233169276,0.016085161138895417
16,pproj0.679,14,-0.1592900369230922,0.014667382950167947
16,pproj0.679,15,-0.05608519700059783,0.012013732158652136
16,pproj0.679,16,0.00870782877499069,0.009245215650392215
16,pproj0.679,17,0.033012922004783896,0.006311756248389502
16,pproj0.679,18,0.016329233958024335,0.00328864922336785
16,pproj0.679,19,0.003384860885987735,0.0015484345669757598
16,pproj0.679,20,0.0016588010862451869,0.0008132163360492441
16,pproj0.714,0,-5.828670879282072e-18,8.337773069800138e-19
16,pproj0.714,1,0.017002980680432926,0.0045632684966048845
16,pproj0.714,2,0.014724684794874874,0.005899581163567528
16,pproj0.714,3,0.01809581771586756,0.0075734803582946765
16,pproj0.714,4,-0.006700622403528226,0.00926003582420798
16,pproj0.714,5,-0.02991205875258992,0.010133302199946848
16,pproj0.714,6,-0.05347848534431063,0.011118087983745995
16,pproj0.714,7,-0.09109294601888211,0.012141579134971117
16,pproj0.714,8,-0.18171524734354774,0.013288689991540929
16,pproj0.714,9,-0.19520635385894372,0.0135838084064591
16,pproj0.714,10,-0.22420888314384893,0.014500965955425325
16,pproj0.714,11,-0.2716561712241064,0.015115901041130477
16,pproj0.714,12,-0.21908656911878394,0.0152827057870062
16,pproj0.714,13,-0.20394609314896575,0.014748866409875088
16,pproj0.714,14,-0.08677058059373127,0.012677814210182079
16,pproj0.714,15,-0.015559011781045318,0.01057428057593627
16,pproj0.714,16,0.023151574309255844,0.00813617211354567
16,pproj0.714,17,0.03608767551299289,0.004813168324716894
16,pproj0.714,18,0.023531411694850526,0.0030837539240961193
16,pproj0.714,19,0.007797493032256773,0.0018323384595808688
16,pproj0.714,20,0.0019356005054539417,0.0008000709580916411
16,pproj0.750,0,-2.9420910152566647e-18,5.076685792510862e-19
16,pproj0.750,1,0.01466000277626858,0.0038841213753934424
16,pproj0.750,2,0.03298039222735599,0.005370963082259624
16,pproj0.750,3,0.03449642034688372,0.006625504777602363
16,pproj0.750,4,0.04847156205244373,0.00765664512411561
16,pproj0.750,5,0.03373339267636645,0.008703865174476582
16,pproj0.750,6,-0.0007891368175251507,0.009692074670892213
16,pproj0.750,7,-0.017026177124214094,0.010421859224568713
16,pproj0.750,8,-0.05252838684249818,0.011578929837923687
16,pproj0.750,9,-0.08960420311262147,0.012805299949369856
16,pproj0.750,10,-0.1311959624515713,0.013135297388763819
16,pproj0.750,11,-0.12495479620903721,0.012907650356503814
16,pproj0.750,12,-0.11042334551925365,0.013329376661818609
16,pproj0.750,13,-0.09394974345402037,0.01279182342554249
16,pproj0.750,14,-0.017249668406904745,0.011334958733397406
16,pproj0.750,15,0.022964535648103086,0.00966152193979788
16,pproj0.750,16,0.05378782543327979,0.006978028869138861
16,pproj0.750,17,0.04558459823235422,0.0043567204946279355
16,pproj0.750,18,0.015248905057775073,0.0027339185272606506
16,pproj0.750,19,0.008155524510526636,0.0015861583521327208
16,pproj0.750,20,0.0012670936124135218,0.0007033055274232226
16,pproj0.786,0,-1.8873791418627663e-18,4.2075374708302763e-19
16,pproj0.786,1,0.017802781526846428,0.0030361761493396438
16,pproj0.786,2,0.033093876030156115,0.0043537869067288735
16,pproj0.786,3,0.05892869670517031,0.0058416758442605314
16,pproj0.786,4,0.060487204385181216,0.006997628629880322
16,pproj0.786,5,0.0696525541882039,0.007607853855026225
16,pproj0.786,6,0.06509957769601205,0.008732701362841232
16,pproj0.786,7,0.03999929579651245,0.009203292735543302
16,pproj0.786,8,0.02595809631894496,0.010329187392717796
16,pproj0.786,9,0.036143095858313844,0.010704119928318984
16,pproj0.786,10,-0.017996844757125496,0.011486803133541345
16,pproj0.786,11,-0.004898761008421121,0.010988385405337536
16,pproj0.786,12,-0.02930146263219758,0.011434016614391371
16,pproj0.786,13,0.02442703521785424,0.010498144417553661
16,pproj0.786,14,0.04673528877595378,0.009854159406462342
16,pproj0.786,15,0.08014060283056279,0.007738263597820094
16,pproj0.786,16,0.06580782367658848,0.005602172005943386
16,pproj0.786,17,0.049883725779070076,0.0042718074817180455
16,pproj0.786,18,0.016245284606753452,0.002334024147059406
16,pproj0.786,19,0.0035946812070593924,0.0011081406573708998
16,pproj0.786,20,0.00011157177565710341,0.00011157177565710462
16,pproj0.821,0,-3.3306690738754697e-19,1.5687173383435385e-19
16,pproj0.821,1,0.020171575845901426,0.0026427127801807644
16,pproj0.821,2,0.037528928654867594,0.0037103826946115292
16,pproj0.821,3,0.05643504097192937,0.0051826015633918195
16,pproj0.821,4,0.07872383647939915,0.005825641507978338
16,pproj0.821,5,0.09425872631304218,0.006661663770855937
16,pproj0.821,6,0.10264378096860759,0.0072372566921381125
16,pproj0.821,7,0.09806673233140464,0.007622454842489368
16,pproj0.821,8,0.09236183664759721,0.00817192750525281
16,pproj0.821,9,0.09933596790912522,0.008473549301065532
16,pproj0.821,10,0.07097890208146612,0.00931943259429577
16,pproj0.821,11,0.06869185596737151,0.009563728517291174
16,pproj0.821,12,0.07288116135339905,0.009256873061587803
16,pproj0.821,13,0.08497550401267023,0.008649434163536742
16,pproj0.821,14,0.10694693718811518,0.007959600891291066
16,pproj0.821,15,0.089924778260541,0.006203595057867484
16,pproj0.821,16,0.06738814345253104,0.0052962796014052035
16,pproj0.821,17,0.04262231635438362,0.0037798720974218164
16,pproj0.821,18,0.011114866203878793,0.0021095150154063816
16,pproj0.821,19,0.005604191047523835,0.0013193288231483093
16,pproj0.821,20,0.0009485599924429386,0.0005524173339594589
16,pproj0.857,0,-1.6653345369377348e-19,9.610002416639412e-20
16,pproj0.857,1,0.013536579289123909,0.0023053210448006484
16,pproj0.857,2,0.034900514378457606,0.0035251934320105413
16,pproj0.857,3,0.05751636425288005,0.004620560845085934
16,pproj0.857,4,0.0699608494889695,0.005220009079813154
16,pproj0.857,5,0.10031936833754448,0.0059203975507252805
16,pproj0.857,6,0.10791455465951558,0.006412322559508675
16,pproj0.857,7,0.11049047110978258,0.0067142031743218
16,pproj0.857,8,0.13163059286289694,0.006970055930000659
16,pproj0.857,9,0.13205730936669624,0.007523607071041299
16,pproj0.857,10,0.13889548915779112,0.007967923579847366
16,pproj0.857,11,0.13296230923777716,0.008080127101244219
16,pproj0.857,12,0.14101064049059517,0.008061163641266206
16,pproj0.857,13,0.1347691510530713,0.007355852259281503
16,pproj0.857,14,0.11822878739031646,0.006881303940913247
16,pproj0.857,15,0.09354681696901955,0.00602054136295035
16,pproj0.857,16,0.07273694183297091,0.004792724669412994
16,pproj0.857,17,0.03703849767827162,0.0034341033818486625
16,pproj0.857,18,0.00902309542485916,0.0017720399875598945
16,pproj0.857,19,0.004869922625781117,0.001328561340875254
16,pproj0.857,20,0.0004904146265058618,0.00037517145512353737
16,pproj0.893,0,0.0,0.0
16,pproj0.893,1,0.008323977426718615,0.001808390434574941
16,pproj0.893,2,0.02479231472494884,0.0028573666168337252
16,pproj0.893,3,0.044332791483759765,0.003892079167001139
16,pproj0.893,4,0.055335147340259835,0.0042506389749244625
16,pproj0.893,5,0.07563170005856089,0.005103336401865688
16,pproj0.893,6,0.10194776960170883,0.005553976780922645
16,pproj0.893,7,0.1122883817957142,0.006278095852587674
16,pproj0.893,8,0.13794218303410027,0.006677098877054083
16,pproj0.893,9,0.15054623076331333,0.006733324645392969
16,pproj0.893,10,0.14856064846538405,0.006967595066089056
16,pproj0.893,11,0.1439314291617497,0.007022189206034952
16,pproj0.893,12,0.15697012675144725,0.006935040344052524
16,pproj0.893,13,0.13192359658523667,0.006433373179229459
16,pproj0.893,14,0.1149595243407484,0.005819285760886683
16,pproj0.893,15,0.07827786056815125,0.005000694483306144
16,pproj0.893,16,0.05398081334127795,0.004090528593166562
16,pproj0.893,17,0.0243974263546285,0.0027102354352673344
16,pproj0.893,18,0.006876356082653235,0.001611669655494182
16,pproj0.893,19,0.0014451858789480806,0.0006950672650394482
16,pproj0.893,20,9.116077839697679e-05,9.116077839697744e-05
16,pproj0.929,0,0.0,0.0
16,pproj0.929,1,0.010494579746795431,0.0018630387596945844
16,pproj0.929,2,0.01767468884758869,0.002436146133666924
16,pproj0.929,3,0.031347322424732066,0.003152489873941593
16,pproj0.929,4,0.04209710669346786,0.0037108164761982722
16,pproj0.929,5,0.06878075450962713,0.004659927148941117
16,pproj0.929,6,0.07025572808325446,0.004645288005886375
16,pproj0.929,7,0.0905555132656585,0.005274146840378117
16,pproj0.929,8,0.1157559216647673,0.005750469183237072
16,pproj0.929,9,0.13113157523541794,0.006041305378217775
16,pproj0.929,10,0.12612814666941252,0.005990630994580193
16,pproj0.929,11,0.1271879468185943,0.0060241113418428235
16,pproj0.929,12,0.10686161837823266,0.00557769841833356
16,pproj0.929,13,0.12153750208051521,0.005889813367860613
16,pproj0.929,14,0.09622347108576969,0.005313342877399309
16,pproj0.929,15,0.07164641116767033,0.004671584979380602
16,pproj0.929,16,0.0352845542233432,0.003376929068475214
16,pproj0.929,17,0.02000470868338931,0.0025494631251339315
16,pproj0.929,18,0.00450545667363964,0.0012221894605789173
16,pproj0.929,19,0.0017328679513998625,0.0007741863690328417
16,pproj0.929,20,0.0004904146265058628,0.00037517145512353726
16,pproj0.964,0,0.0,0.0
16,pproj0.964,1,0.002426015131959806,0.0009155703873617307
16,pproj0.964,2,0.007683510503987583,0.0016305187535978216
16,pproj0.964,3,0.01441224975553295,0.0021938340329089147
16,pproj0.964,4,0.021570170641803794,0.002663599118314619
16,pproj0.964,5,0.02794668929975981,0.003149476712136334
16,pproj0.964,6,0.03990807888333584,0.003634037863669809
16,pproj0.964,7,0.04061861703173631,0.003684339419503326
16,pproj0.964,8,0.06753927776131194,0.004679499178316604
16,pproj0.964,9,0.07232466969811159,0.004702727540874958
16,pproj0.964,10,0.07198264444934609,0.004792212737451306
16,pproj0.964,11,0.07498311724949719,0.004719300569879278
16,pproj0.964,12,0.07964731288339325,0.004838930372931182
16,pproj0.964,13,0.06425790809369808,0.004456782671062661
16,pproj0.964,14,0.048384107183899315,0.003906783887407314
16,pproj0.964,15,0.035367275341015095,0.003421145374168832
16,pproj0.964,16,0.017575539591930145,0.0023948466377445667
16,pproj0.964,17,0.006669847733717174,0.0014922659762451277
16,pproj0.964,18,0.0038123094930796967,0.0011465758826029895
16,pproj0.964,19,0.0,0.0
16,pproj0.964,20,0.0003465735902799723,0.00034657359027997245
20,pproj0.500,0,-0.0636155996918365,0.005220397956263471
20,pproj0.500,1,-0.44728822116267614,0.01535186503424148
20,pproj0.500,2,-0.6623236226317407,0.018992539859718105
20,pproj0.500,3,-0.8496148324869196,0.02083268738323754
20,pproj0.500,4,-1.0250077324355131,0.02232926865097079
20,pproj0.500,5,-1.2256709242784243,0.023655609295805693
20,pproj0.500,6,-1.3930928701480878,0.024922934719965668
20,pproj0.500,7,-1.5303040311631768,0.025630685843986038
20,pproj0.500,8,-1.6425356833149127,0.025495886288149756
20,pproj0.500,9,-1.731717467245674,0.026374145064876245
20,pproj0.500,10,-1.7741491161303529,0.02658258876591136
20,pproj0.500,11,-1.7135596320133888,0.026858031228539206
20,pproj0.500,12,-1.6309344820800624,0.02765116913230309
20,pproj0.500,13,-1.3849953662056005,0.028301408058880102
20,pproj0.500,14,-1.0049974117102318,0.027483194110750623
20,pproj0.500,15,-0.5627285646114251,0.024824816149355347
20,pproj0.500,16,-0.16936889167402025,0.016935270684125897
20,pproj0.500,17,-0.004863186878283328,0.009739336502381832
20,pproj0.500,18,0.013447885556149139,0.004046513942375874
20,pproj0.500,19,0.0060862055710058345,0.0014036295899606472
20,pproj0.500,20,0.0007646976023802779,0.0006602295615569345
20,pproj0.536,0,-0.024145195665209708,0.0032102857627885634
20,pproj0.536,1,-0.27461703443465874,0.013205041283697639
20,pproj0.536,2,-0.4404409745008911,0.016340666171948334
20,pproj0.536,3,-0.604893784874467,0.018722043700514616
20,pproj0.536,4,-0.7744272740942812,0.020834434753752542
20,pproj0.536,5,-0.931914523827806,0.02261120677682391
20,pproj0.536,6,-1.1113524894156785,0.023275087951273227
20,pproj0.536,7,-1.305777699836799,0.025055377025324333
20,pproj0.536,8,-1.376999064345027,0.025400690632656733
20,pproj0.536,9,-1.4942268809757278,0.02565146046898453
20,pproj0.536,10,-1.5405440084858824,0.02578186073026664
20,pproj0.536,11,-1.5562052099787549,0.026997663566418167
20,pproj0.536,12,-1.41491585068036,0.027142161447027295
20,pproj0.536,13,-1.2330921432769704,0.02799486011244231
20,pproj0.536,14,-0.8470769700914966,0.02579315573098432
20,pproj0.536,15,-0.4350329492995646,0.021628988718735018
20,pproj0.536,16,-0.11594428359222164,0.015734948253419784
20,pproj0.536,17,0.014943120542868936,0.008023895071881022
20,pproj0.536,18,0.014821717803665785,0.0034845572483761075
20,pproj0.536,19,0.0060021812719024846,0.001528191773188608
20,pproj0.536,20,0.00041333928659223083,0.00035291324837859433
20,pproj0.571,0,-0.005496572968063813,0.002038230550550361
20,pproj0.571,1,-0.17699301917186594,0.013792659445000835
20,pproj0.571,2,-0.3146846688383106,0.01778688736334984
20,pproj0.571,3,-0.4402211351873183,0.021019789373157273
20,pproj0.571,4,-0.5665654886357548,0.022652620416803423
20,pproj0.571,5,-0.7198007685895481,0.025753533446913546
20,pproj0.571,6,-0.8823587977117819,0.02725792511411688
20,pproj0.571,7,-0.9243589374437496,0.02736427211809311
20,pproj0.571,8,-1.1740414960436514,0.03061901900107264
20,pproj0.571,9,-1.1951878107191498,0.030716607491154107
20,pproj0.571,10,-1.292675939470733,0.029880809142809335
20,pproj0.571,11,-1.284354517658449,0.03035891447336725
20,pproj0.571,12,-1.2509234729958219,0.030970181635533056
20,pproj0.571,13,-1.0233299350631362,0.031136837656705975
20,pproj0.571,14,-0.7551332054848856,0.03005103883479961
20,pproj0.571,15,-0.3809154408364505,0.026572650078374258
20,pproj0.571,16,-0.07219762638270588,0.01684065728700376
20,pproj0.571,17,0.038485494134262783,0.008328665139772472
20,pproj0.571,18,0.018806429004712324,0.004214544284700738
20,pproj0.571,19,0.005384157399292083,0.001776066021348402
20,pproj0.571,20,0.0014040753712385554,0.0008527817619659155
20,pproj0.607,0,0.00020864280097579943,0.00020864280097581593
20,pproj0.607,1,-0.08697706262097062,0.016024576143382888
20,pproj0.607,2,-0.17190904979792698,0.022810490943315925
20,pproj0.607,3,-0.2703895704879776,0.027357242554082752
20,pproj0.607,4,-0.36719766908206475,0.028969821387755522
20,pproj0.607,5,-0.5087113640840217,0.03295302512105646
20,pproj0.607,6,-0.5868240787754002,0.03510828988926589
20,pproj0.607,7,-0.7486383209943964,0.038831339299097434
20,pproj0.607,8,-0.9375621010587372,0.03945451971824831
20,pproj0.607,9,-1.004671491702325,0.041799581460879115
20,pproj0.607,10,-1.0955088313624153,0.039830823903102386
20,pproj0.607,11,-1.0502500679403184,0.04370126368906139
20,pproj0.607,12,-1.015412388897817,0.04256338833267811
20,pproj0.607,13,-0.8410415919627516,0.04325721014280606
20,pproj0.607,14,-0.5766781926415213,0.03929370765130567
20,pproj0.607,15,-0.25191082112493,0.03366385054569827
20,pproj0.607,16,-0.028647902130581694,0.02214581095230105
20,pproj0.607,17,0.0235151480692075,0.01125607914380253
20,pproj0.607,18,0.02037028200521145,0.006001810928195961
20,pproj0.607,19,0.002128123903411375,0.0015468239348381616
20,pproj0.607,20,-3.469446951953614e-18,1.194935394272124e-18
20,pproj0.643,0,-0.0007520386983881548,0.0008266717330253034
20,pproj0.643,1,-0.021409944030583865,0.007460407932312757
20,pproj0.643,2,-0.08190645633652636,0.010813867812291949
20,pproj0.643,3,-0.14174430609440508,0.012933162172584608
20,pproj0.643,4,-0.26296673860562353,0.01517982665925463
20,pproj0.643,5,-0.33492219917173977,0.016905052109204725
20,pproj0.643,6,-0.4276518860857867,0.018443199937756467
20,pproj0.643,7,-0.5527183391003234,0.01944712776696613
20,pproj0.643,8,-0.6819099844550304,0.02075691240209838
20,pproj0.643,9,-0.760983896512576,0.021686516030080986
20,pproj0.643,10,-0.8447878694007064,0.022656413516914106
20,pproj0.643,11,-0.8174970113338884,0.022427941407225115
20,pproj0.643,12,-0.7812771805841648,0.02271533551962168
20,pproj0.643,13,-0.6312263559370046,0.02209425640811081
20,pproj0.643,14,-0.42361495606448374,0.020171343021974496
20,pproj0.643,15,-0.18008409922933669,0.016755203140567377
20,pproj0.643,16,0.0008136378093119205,0.010999697247791103
20,pproj0.643,17,0.02355381297872634,0.005907582932821026
20,pproj0.643,18,0.016715079507325155,0.0027600307665459753
20,pproj0.643,19,0.004500851856271016,0.001306127295859438
20,pproj0.643,20,0.0007173741897666768,0.0004073577145520753
20,pproj0.679,0,-0.00040299254683718634,0.00040299254683717766
20,pproj0.679,1,0.008925121250245747,0.007136076043264679
20,pproj0.679,2,-0.011663693534623942,0.009758219888062714
20,pproj0.679,3,-0.022390543304902654,0.011827574015529578
20,pproj0.679,4,-0.0666410183530166,0.014184385452914864
20,pproj0.679,5,-0.17163530824196901,0.015979535199495035
20,pproj0.679,6,-0.27425844679508504,0.017472472196475176
20,pproj0.679,7,-0.3537183339618436,0.019058786447910016
20,pproj0.679,8,-0.4340791551227698,0.020005318075400715
20,pproj0.679,9,-0.5317870687162272,0.0208989183718334
20,pproj0.679,10,-0.655260900403088,0.022389139794715532
20,pproj0.679,11,-0.6252973243748237,0.022284813926305224
20,pproj0.679,12,-0.5463065789797924,0.021434433506631986
20,pproj0.679,13,-0.5148257535051854,0.022150566161476867
20,pproj0.679,14,-0.26328737143996217,0.019232479491697808
20,pproj0.679,15,-0.0844934505794465,0.015449653545644338
20,pproj0.679,16,0.02445006746289868,0.010335419578056903
20,pproj0.679,17,0.04108149550050965,0.005428327738796982
20,pproj0.679,18,0.017113138586956168,0.0026662998453092146
20,pproj0.679,19,0.0035758730988645344,0.0012932448454350135
20,pproj0.679,20,0.000402992546837176,0.0004029925468371772
20,pproj0.714,0,-4.440892098500626e-18,1.7196305097561916e-18
20,pproj0.714,1,0.03201630725629081,0.014674331341635866
20,pproj0.714,2,0.030820494819160656,0.01922873654566463
20,pproj0.714,3,-0.0008701654012519618,0.024995584524632793
20,pproj0.714,4,-0.004818691388039746,0.031214843142489738
20,pproj0.714,5,-0.01012358757014148,0.031906295772162675
20,pproj0.714,6,-0.12411621804452527,0.037707576627403566
20,pproj0.714,7,-0.19340990592977172,0.04110273389077427
20,pproj0.714,8,-0.25148627574004917,0.041544097861239915
20,pproj0.714,9,-0.3582883458684128,0.04795250884888272
20,pproj0.714,10,-0.4445685763133224,0.04819956105852547
20,pproj0.714,11,-0.4477373341415491,0.05012070352482371
20,pproj0.714,12,-0.3754941948600769,0.04821635057681261
20,pproj0.714,13,-0.3655921914126295,0.04676285950439352
20,pproj0.714,14,-0.14247132238578336,0.04035616860230856
20,pproj0.714,15,-0.011097449040623705,0.03324326502279852
20,pproj0.714,16,0.040626114782052206,0.018259649354487675
20,pproj0.714,17,0.045766237961456555,0.01321375330588724
20,pproj0.714,18,0.008473891007147204,0.0047974989053432265
20,pproj0.714,19,0.0007438118377140272,0.000743811837714032
20,pproj0.714,20,-4.440892098500626e-18,1.7977639482696623e-18
20,pproj0.750,0,-2.7755575615628915e-18,5.461529977392909e-19
20,pproj0.750,1,0.026705790479150414,0.004675671097322537
20,pproj0.750,2,0.05822540142621117,0.006975656512037565
20,pproj0.750,3,0.07498842062705517,0.008217813967212412
20,pproj0.750,4,0.07475604693252741,0.009949397601016558
20,pproj0.750,5,0.05935627396339492,0.010792864133469441
20,pproj0.750,6,0.02168643061774148,0.011900487868771618
20,pproj0.750,7,-0.07093867232061361,0.01331321889628821
20,pproj0.750,8,-0.09853202399075409,0.014263013177694472
20,pproj0.750,9,-0.13450578507436825,0.015202281435973219
20,pproj0.750,10,-0.20637596147946008,0.01588713257068055
20,pproj0.750,11,-0.2237416765292004,0.016388998147846605
20,pproj0.750,12,-0.21741212807902183,0.016319299896529697
20,pproj0.750,13,-0.11358445946226906,0.014728212572335043
20,pproj0.750,14,-0.040475950669899306,0.013320036833724727
20,pproj0.750,15,0.06734244389851353,0.009392815074212878
20,pproj0.750,16,0.07268405374625829,0.007014664810360005
20,pproj0.750,17,0.03886869017760743,0.004116180458956455
20,pproj0.750,18,0.009954630219888431,0.0018848804359101854
20,pproj0.750,19,0.001178536639139054,0.0006894727300456966
20,pproj0.750,20,-6.661338147750939e-19,2.71607673122329e-19
20,pproj0.786,0,-1.2231270610277148e-18,4.0873900823095453e-19
20,pproj0.786,1,0.03738591602615902,0.005102717657715128
20,pproj0.786,2,0.07728055990235937,0.008055304065345494
20,pproj0.786,3,0.10453873987897518,0.009572030319551927
20,pproj0.786,4,0.11448152208660861,0.010956520059336198
20,pproj0.786,5,0.09897659704483364,0.011666513098008703
20,pproj0.786,6,0.1017339300155247,0.013024210484548094
20,pproj0.786,7,0.06107076891818761,0.014774977230946956
20,pproj0.786,8,0.06143715853970222,0.015776129172953627
20,pproj0.786,9,0.009269085522858062,0.016365344683092007
20,pproj0.786,10,-0.051653373092629296,0.01862631758512471
20,pproj0.786,11,-0.029059480860620053,0.01790515790747051
20,pproj0.786,12,-0.04012479732420366,0.01821253132318107
20,pproj0.786,13,-0.0071621032305204824,0.017448337202952163
20,pproj0.786,14,0.09281574887416943,0.013432752175883501
20,pproj0.786,15,0.09228719121492712,0.011991561554167463
20,pproj0.786,16,0.07374332591015748,0.00753557952244165
20,pproj0.786,17,0.04571051924448574,0.005644388260700515
20,pproj0.786,18,0.012782937265964914,0.002677184238447233
20,pproj0.786,19,0.0011748257297626162,0.0008303748638638056
20,pproj0.786,20,0.0005874128648813087,0.0005874128648813092
20,pproj0.821,0,-4.2700885562506023e-19,4.2700885562506033e-19
20,pproj0.821,1,0.02431948405190227,0.00912428203295961
20,pproj0.821,2,0.09050893739597662,0.015099766934936686
20,pproj0.821,3,0.10042508727420789,0.01560723792066001
20,pproj0.821,4,0.10525601962374129,0.018780956226860462
20,pproj0.821,5,0.12582519435256997,0.021811771196214663
20,pproj0.821,6,0.13067456168978794,0.025635930352878495
20,pproj0.821,7,0.17599662015200213,0.02579969376778692
20,pproj0.821,8,0.1524743884011971,0.024575968928052767
20,pproj0.821,9,0.1277743307794778,0.02997089460291276
20,pproj0.821,10,0.0987389004870369,0.03277555247344617
20,pproj0.821,11,0.03152003746535872,0.03370929165003295
20,pproj0.821,12,0.07017692042393119,0.029685659477018383
20,pproj0.821,13,0.14664705801845448,0.028197957248310184
20,pproj0.821,14,0.15513370583423855,0.02381771170981442
20,pproj0.821,15,0.12415005834110127,0.02270424895479672
20,pproj0.821,16,0.08771544034770432,0.014813353829504144
20,pproj0.821,17,0.02466193541764071,0.008603233321636412
20,pproj0.821,18,0.007997852083383973,0.004599699077023564
20,pproj0.821,19,0.0026659506944613246,0.0026659506944613277
20,pproj0.821,20,-8.540177112501205e-19,8.540177112501206e-19
20,pproj0.857,0,-2.220446049250313e-19,1.3591729955744706e-19
20,pproj0.857,1,0.02404301073834052,0.0029110344766750114
20,pproj0.857,2,0.057698653312523086,0.00465023276289331
20,pproj0.857,3,0.09246888500340167,0.005883491589691844
20,pproj0.857,4,0.13372990481591146,0.006926375157462782
20,pproj0.857,5,0.15769956188555545,0.007423328284863853
20,pproj0.857,6,0.1577305367024272,0.007901555320183318
20,pproj0.857,7,0.18934494502184265,0.008177093647101312
20,pproj0.857,8,0.19477145685635208,0.008508727411665305
20,pproj0.857,9,0.18066415912070374,0.008900794359895166
20,pproj0.857,10,0.17800961241683574,0.008977286304061558
20,pproj0.857,11,0.19202274432271974,0.009308976218420379
20,pproj0.857,12,0.18156346604490903,0.008909286783523936
20,pproj0.857,13,0.1998430877548833,0.0089157592061126
20,pproj0.857,14,0.16831115226336138,0.00788563610558383
20,pproj0.857,15,0.12300730208768387,0.006236469483594859
20,pproj0.857,16,0.08156803366584855,0.005122053190779779
20,pproj0.857,17,0.0278825336421503,0.0030311440644696015
20,pproj0.857,18,0.005081219758650342,0.0013163127802691358
20,pproj0.857,19,0.0008958797346140252,0.0006493535427215069
20,pproj0.857,20,-2.7755575615628914e-19,2.7755575615628914e-19
20,pproj0.893,0,-5.551115123125783e-20,5.551115123125784e-20
20,pproj0.893,1,0.020531014127653777,0.002627129262284849
20,pproj0.893,2,0.04576204102340949,0.003946145890872166
20,pproj0.893,3,0.0718364954174257,0.004781328016894396
20,pproj0.893,4,0.09616962422612577,0.005519828305041182
20,pproj0.893,5,0.1286153289370095,0.006362825907594579
20,pproj0.893,6,0.16572849922895114,0.007054904227363162
20,pproj0.893,7,0.18477155409566023,0.007486012830464162
20,pproj0.893,8,0.1996284396810965,0.007722946544920345
20,pproj0.893,9,0.2126147344081951,0.007698842851928259
20,pproj0.893,10,0.21645998219804422,0.00792949939372965
20,pproj0.893,11,0.22248811946230757,0.008023824964337449
20,pproj0.893,12,0.20655249109638604,0.007712410573518811
20,pproj0.893,13,0.209888006574019,0.007683154531297132
20,pproj0.893,14,0.16770992812855717,0.006995021375314282
20,pproj0.893,15,0.10481927757458918,0.0059023842100524105
20,pproj0.893,16,0.06483674398755275,0.004784036605835203
20,pproj0.893,17,0.026700582714656033,0.0030427396602468165
20,pproj0.893,18,0.005054762817973695,0.001339032562958394
20,pproj0.893,19,0.001183561807065807,0.0006168629141008663
20,pproj0.893,20,-1.6653345369377348e-19,1.2410186741643505e-19
20,pproj0.929,0,0.0,0.0
20,pproj0.929,1,0.0129669863591779,0.002171748411199882
20,pproj0.929,2,0.029795061739202437,0.003240522024380248
20,pproj0.929,3,0.05059206570777111,0.004230085309970434
20,pproj0.929,4,0.079479860888549,0.005248916647007297
20,pproj0.929,5,0.09920770987013532,0.0057025620311501185
20,pproj0.929,6,0.1191060019620277,0.006156731659798704
20,pproj0.929,7,0.16419810849083127,0.006909705981701448
20,pproj0.929,8,0.17976428870805913,0.007145487074365671
20,pproj0.929,9,0.19007435697951564,0.007352758870813322
20,pproj0.929,10,0.19012307992590777,0.007301001399779991
20,pproj0.929,11,0.1898905015502729,0.007370502577158643
20,pproj0.929,12,0.1719434075594211,0.006899668716827077
20,pproj0.929,13,0.157778831827574,0.00687112833259932
20,pproj0.929,14,0.12405534769402524,0.006116521219790192
20,pproj0.929,15,0.07241714491081319,0.004887984063261536
20,pproj0.929,16,0.03466418532275035,0.00361500679903719
20,pproj0.929,17,0.009312593209480316,0.0018081904416944756
20,pproj0.929,18,0.00415262794837944,0.0011806529819759057
20,pproj0.929,19,0.0011060859264254439,0.00063825905578348
20,pproj0.929,20,0.0,0.0
20,pproj0.964,0,0.0,0.0
20,pproj0.964,1,0.007278045395879422,0.0015802347678870805
20,pproj0.964,2,0.013947893129596597,0.002156743268494386
20,pproj0.964,3,0.028569086699182906,0.003054574190524389
20,pproj0.964,4,0.03715635111626859,0.003449747731896057
20,pproj0.964,5,0.048290947827882645,0.0039727675194447705
20,pproj0.964,6,0.07333191717843641,0.004778572573394719
20,pproj0.964,7,0.08681044882178231,0.005121309062753026
20,pproj0.964,8,0.09599582139223514,0.005319302017746543
20,pproj0.964,9,0.11186507585413,0.005641788439829462
20,pproj0.964,10,0.12570009984064193,0.006023812755965436
20,pproj0.964,11,0.11286261979223457,0.0057672321289911465
20,pproj0.964,12,0.10261276094687853,0.005525816435367162
20,pproj0.964,13,0.08840941791661644,0.005237482711889567
20,pproj0.964,14,0.06081555711680586,0.004458679663370927
20,pproj0.964,15,0.04550553488506797,0.003838552991780978
20,pproj0.964,16,0.021895348871806254,0.002725528026276433
20,pproj0.964,17,0.00781704189661211,0.0016622017930121823
20,pproj0.964,18,0.0013862943611198902,0.000692626864824996
20,pproj0.964,19,0.00034657359027997223,0.00034657359027997245
20,pproj0.964,20,-5.551115123125783e-20,5.551115123125783e-20
